Date,Obs,Sim,,
2014/1/1,81.3,132.2744,,
2014/1/2,79.5,131.3278,,
2014/1/3,77.4,130.2444,,
2014/1/4,75.1,129.3834,,
2014/1/5,72.9,128.3833,,
2014/1/6,73.3,127.5607,,
2014/1/7,73.3,126.6902,,
2014/1/8,77.7,125.8454,,
2014/1/9,76.4,125.134,,
2014/1/10,73.6,124.2579,,
2014/1/11,71.9,123.6643,,
2014/1/12,74.6,122.8193,,
2014/1/13,72.8,122.2506,,
2014/1/14,70.7,121.5211,,
2014/1/15,69.6,120.9001,,
2014/1/16,72.0,120.3224,,
2014/1/17,71.7,119.6421,,
2014/1/18,70.7,119.1774,,
2014/1/19,68.9,118.4969,,
2014/1/20,70.2,118.0648,,
2014/1/21,68.1,117.4564,,
2014/1/22,69.3,116.9918,,
2014/1/23,69.4,116.4899,,
2014/1/24,69.8,115.9812,,
2014/1/25,72.7,115.5636,,
2014/1/26,73.3,115.0484,,
2014/1/27,71.6,114.6614,,
2014/1/28,69.1,114.1886,,
2014/1/29,72.0,113.7867,,
2014/1/30,69.9,113.3829,,
2014/1/31,66.9,112.9538,,
2014/2/1,65.1,112.6086,,
2014/2/2,64.2,112.1737,,
2014/2/3,63.1,111.8517,,
2014/2/4,60.4,111.4464,,
2014/2/5,62.8,111.121,,
2014/2/6,64.7,110.7654,,
2014/2/7,67.3,110.3966,,
2014/2/8,70.2,110.1023,,
2014/2/9,72.2,109.7171,,
2014/2/10,70.9,109.4592,,
2014/2/11,68.8,109.0708,,
2014/2/12,67.0,108.831,,
2014/2/13,68.5,108.4539,,
2014/2/14,70.6,108.2191,,
2014/2/15,73.0,107.8618,,
2014/2/16,69.7,107.6215,,
2014/2/17,67.9,107.2932,,
2014/2/18,69.2,107.0353,,
2014/2/19,67.7,106.7499,,
2014/2/20,68.6,106.4563,,
2014/2/21,68.8,106.2296,,
2014/2/22,67.7,105.8864,,
2014/2/23,67.1,105.7234,,
2014/2/24,65.8,105.336,,
2014/2/25,68.2,105.2177,,
2014/2/26,69.4,104.8173,,
2014/2/27,69.7,104.7029,,
2014/2/28,68.0,104.3391,,
2014/3/1,71.0,103.8795,,
2014/3/2,70.0,103.3397,,
2014/3/3,70.0,103.0722,,
2014/3/4,65.5,102.8173,,
2014/3/5,63.3,102.6302,,
2014/3/6,66.6,102.3824,,
2014/3/7,66.9,102.1249,,
2014/3/8,70.7,101.9482,,
2014/3/9,67.3,101.6573,,
2014/3/10,66.7,101.5059,,
2014/3/11,66.8,101.1932,,
2014/3/12,70.1,101.0779,,
2014/3/13,69.8,100.7325,,
2014/3/14,70.4,100.6506,,
2014/3/15,71.1,100.2861,,
2014/3/16,75.7,100.2203,,
2014/3/17,76.6,100.0852,,
2014/3/18,80.9,100.7143,,
2014/3/19,83.3,101.2544,,
2014/3/20,84.7,101.2896,,
2014/3/21,89.2,100.6151,,
2014/3/22,87.9,100.7077,,
2014/3/23,91.7,100.2486,,
2014/3/24,94.7,99.9857,,
2014/3/25,97.3,99.7467,,
2014/3/26,99.5,99.4397,,
2014/3/27,98.7,99.1507,,
2014/3/28,102,98.9392,,
2014/3/29,99.9,98.6736,,
2014/3/30,105,98.4855,,
2014/3/31,109,98.0991,,
2014/4/1,111,97.8605,,
2014/4/2,114,97.5279,,
2014/4/3,119,97.4139,,
2014/4/4,122,97.3199,,
2014/4/5,123,96.7448,,
2014/4/6,124,97.2883,,
2014/4/7,133,100.2538,,
2014/4/8,139,102.4786,,
2014/4/9,151,104.8487,,
2014/4/10,177,107.3947,,
2014/4/11,182,107.9869,,
2014/4/12,186,108.9771,,
2014/4/13,192,108.1173,,
2014/4/14,178,108.0631,,
2014/4/15,179,107.0897,,
2014/4/16,177,106.6308,,
2014/4/17,164,105.7989,,
2014/4/18,160,105.2764,,
2014/4/19,156,105.2041,,
2014/4/20,152,107.9477,,
2014/4/21,149,115.5509,,
2014/4/22,148,124.7425,,
2014/4/23,159,132.1699,,
2014/4/24,170,139.7664,,
2014/4/25,169,145.3537,,
2014/4/26,167,144.0692,,
2014/4/27,172,142.5737,,
2014/4/28,187,147.0248,,
2014/4/29,187,147.0459,,
2014/4/30,190,151.2973,,
2014/5/1,208,158.7643,,
2014/5/2,218,170.8718,,
2014/5/3,225,186.5268,,
2014/5/4,231,199.9847,,
2014/5/5,235,214.0081,,
2014/5/6,251,227.2946,,
2014/5/7,242,241.9959,,
2014/5/8,257,260.9333,,
2014/5/9,256,277.8926,,
2014/5/10,260,294.5402,,
2014/5/11,246,305.2375,,
2014/5/12,232,307.6382,,
2014/5/13,218,315.6884,,
2014/5/14,227,332.4009,,
2014/5/15,249,346.5643,,
2014/5/16,265,354.3271,,
2014/5/17,235,355.7476,,
2014/5/18,220,355.1216,,
2014/5/19,210,358.4431,,
2014/5/20,208,368.1261,,
2014/5/21,207,382.1866,,
2014/5/22,212,398.9737,,
2014/5/23,217,412.7454,,
2014/5/24,224,417.1898,,
2014/5/25,216,415.6609,,
2014/5/26,223,410.869,,
2014/5/27,227,404.4528,,
2014/5/28,237,402.0723,,
2014/5/29,288,406.046,,
2014/5/30,334,407.6383,,
2014/5/31,330,402.716,,
2014/6/1,311,398.6314,,
2014/6/2,279,393.3858,,
2014/6/3,283,386.7396,,
2014/6/4,282,378.5839,,
2014/6/5,291,369.5167,,
2014/6/6,311,359.5753,,
2014/6/7,296,348.5705,,
2014/6/8,276,338.4493,,
2014/6/9,264,328.4377,,
2014/6/10,266,322.0513,,
2014/6/11,297,321.9236,,
2014/6/12,336,324.3456,,
2014/6/13,437,335.4192,,
2014/6/14,479,358.9728,,
2014/6/15,441,390.7206,,
2014/6/16,420,422.2084,,
2014/6/17,417,441.8308,,
2014/6/18,417,450.6947,,
2014/6/19,412,459.5366,,
2014/6/20,410,467.5873,,
2014/6/21,453,481.9487,,
2014/6/22,476,505.5822,,
2014/6/23,515,543.6984,,
2014/6/24,585,624.1682,,
2014/6/25,994,715.8011,,
2014/6/26,1610,777.9076,,
2014/6/27,1750,843.0026,,
2014/6/28,1830,918.5028,,
2014/6/29,1750,970.2047,,
2014/6/30,1470,994.0137,,
2014/7/1,1350,1003.8899,,
2014/7/2,1260,958.4395,,
2014/7/3,1090,927.4411,,
2014/7/4,878,900.2727,,
2014/7/5,715,913.2866,,
2014/7/6,639,1009.3528,,
2014/7/7,678,1094.424,,
2014/7/8,685,1358.4266,,
2014/7/9,838,1661.3726,,
2014/7/10,1280,1571.1759,,
2014/7/11,1430,1437.666,,
2014/7/12,1430,1523.3075,,
2014/7/13,1410,1419.827,,
2014/7/14,1250,1353.3,,
2014/7/15,1100,1346.6544,,
2014/7/16,1020,1241.9081,,
2014/7/17,896,1249.3361,,
2014/7/18,770,1203.5454,,
2014/7/19,730,1212.1559,,
2014/7/20,728,1208.7356,,
2014/7/21,717,1285.6516,,
2014/7/22,802,1517.1055,,
2014/7/23,1030,1501.2494,,
2014/7/24,1510,1389.7399,,
2014/7/25,1650,1376.2916,,
2014/7/26,1520,1322.4781,,
2014/7/27,1380,1238.245,,
2014/7/28,1170,1218.6272,,
2014/7/29,962,1156.3676,,
2014/7/30,893,1131.4697,,
2014/7/31,846,1129.7462,,
2014/8/1,800,1109.8708,,
2014/8/2,802,1133.9977,,
2014/8/3,827,1187.943,,
2014/8/4,1020,1265.4004,,
2014/8/5,1240,1363.0234,,
2014/8/6,1480,1415.379,,
2014/8/7,1710,1467.4336,,
2014/8/8,2010,1542.5767,,
2014/8/9,2360,1582.3665,,
2014/8/10,2360,1637.1445,,
2014/8/11,2400,1703.2903,,
2014/8/12,2700,1741.1058,,
2014/8/13,2880,1779.2148,,
2014/8/14,2600,1781.3889,,
2014/8/15,2380,1735.6926,,
2014/8/16,2160,1691.0146,,
2014/8/17,1830,1680.3489,,
2014/8/18,1580,1702.3433,,
2014/8/19,1440,1739.601,,
2014/8/20,1370,1753.2634,,
2014/8/21,1470,1760.0083,,
2014/8/22,1520,1821.9619,,
2014/8/23,1490,1891.6782,,
2014/8/24,1450,1895.7278,,
2014/8/25,1390,1852.894,,
2014/8/26,1360,1794.8193,,
2014/8/27,1330,1730.7274,,
2014/8/28,1200,1694.2374,,
2014/8/29,1040,1663.5305,,
2014/8/30,1040,1672.218,,
2014/8/31,1050,1745.3721,,
2014/9/1,1150,1758.9205,,
2014/9/2,1230,1771.3087,,
2014/9/3,1290,1780.0585,,
2014/9/4,1360,1784.6682,,
2014/9/5,1360,1782.05,,
2014/9/6,1520,1783.0209,,
2014/9/7,1660,1801.8375,,
2014/9/8,1730,1829.3893,,
2014/9/9,1940,1840.6787,,
2014/9/10,2040,1846.2513,,
2014/9/11,1960,1855.9346,,
2014/9/12,2060,1855.771,,
2014/9/13,2240,1855.2201,,
2014/9/14,2160,1861.8468,,
2014/9/15,2240,1874.571,,
2014/9/16,2360,1888.7164,,
2014/9/17,2660,1894.3157,,
2014/9/18,2830,1893.8929,,
2014/9/19,2820,1885.0879,,
2014/9/20,2630,1868.4075,,
2014/9/21,2370,1850.6577,,
2014/9/22,2150,1835.0682,,
2014/9/23,1970,1823.8453,,
2014/9/24,1890,1805.5531,,
2014/9/25,1910,1785.4219,,
2014/9/26,1940,1767.5686,,
2014/9/27,1880,1754.1606,,
2014/9/28,1720,1741.0227,,
2014/9/29,1580,1721.236,,
2014/9/30,1530,1698.2859,,
2014/10/1,1520,1604.145,,
2014/10/2,1440,1536.5652,,
2014/10/3,1340,1477.9614,,
2014/10/4,1230,1420.8418,,
2014/10/5,1170,1363.9692,,
2014/10/6,1090,1308.3903,,
2014/10/7,1030,1256.7756,,
2014/10/8,966,1212.5382,,
2014/10/9,938,1170.1946,,
2014/10/10,892,1130.4244,,
2014/10/11,849,1092.9286,,
2014/10/12,824,1053.7954,,
2014/10/13,801,1018.3687,,
2014/10/14,773,982.3226,,
2014/10/15,746,948.2995,,
2014/10/16,732,917.0255,,
2014/10/17,721,888.1039,,
2014/10/18,716,861.6964,,
2014/10/19,703,834.7506,,
2014/10/20,678,807.5925,,
2014/10/21,632,780.162,,
2014/10/22,599,754.4857,,
2014/10/23,574,728.0559,,
2014/10/24,553,701.0814,,
2014/10/25,542,676.3461,,
2014/10/26,535,651.8575,,
2014/10/27,530,628.2559,,
2014/10/28,516,605.9946,,
2014/10/29,496,584.5813,,
2014/10/30,486,564.2184,,
2014/10/31,476,544.8244,,
2014/11/1,465,521.8619,,
2014/11/2,455,502.1472,,
2014/11/3,438,484.5797,,
2014/11/4,421,468.5975,,
2014/11/5,401,453.3599,,
2014/11/6,390,439.3811,,
2014/11/7,387,425.8666,,
2014/11/8,387,413.1461,,
2014/11/9,372,401.2388,,
2014/11/10,381,389.5645,,
2014/11/11,376,378.9531,,
2014/11/12,353,368.2835,,
2014/11/13,345,358.6871,,
2014/11/14,331,349.0244,,
2014/11/15,312,340.249,,
2014/11/16,302,331.6057,,
2014/11/17,288,323.5221,,
2014/11/18,265,315.821,,
2014/11/19,244,308.3717,,
2014/11/20,224,301.4843,,
2014/11/21,207,294.6659,,
2014/11/22,202,288.4443,,
2014/11/23,201,282.2615,,
2014/11/24,193,276.5897,,
2014/11/25,176,271.0088,,
2014/11/26,156,265.8314,,
2014/11/27,145,260.7742,,
2014/11/28,138,256.0745,,
2014/11/29,131,251.4589,,
2014/11/30,129,247.21,,
2014/12/1,130,241.3453,,
2014/12/2,121,238.9831,,
2014/12/3,113,236.7478,,
2014/12/4,109,234.0591,,
2014/12/5,111,231.8068,,
2014/12/6,115,228.5664,,
2014/12/7,115,225.5658,,
2014/12/8,120,222.41,,
2014/12/9,118,219.0214,,
2014/12/10,116,216.5563,,
2014/12/11,119,213.5075,,
2014/12/12,133,211.1443,,
2014/12/13,123,208.5375,,
2014/12/14,112,206.0349,,
2014/12/15,106,204.0176,,
2014/12/16,98.9,201.5163,,
2014/12/17,101,199.6864,,
2014/12/18,106,197.486,,
2014/12/19,105,195.6754,,
2014/12/20,95.0,193.8077,,
2014/12/21,89.3,191.9757,,
2014/12/22,99.8,190.4157,,
2014/12/23,98.6,188.6304,,
2014/12/24,95.3,187.2066,,
2014/12/25,99.3,185.6311,,
2014/12/26,98.7,184.2052,,
2014/12/27,91.0,182.8592,,
2014/12/28,92.5,181.4735,,
2014/12/29,94.6,180.2478,,
2014/12/30,94.3,178.9844,,
2014/12/31,83.3,177.8172,,
2015/1/1,88.3,176.6682,,
2015/1/2,91.0,175.5839,,
2015/1/3,89.9,174.4954,,
2015/1/4,89.5,173.5195,,
2015/1/5,92.8,172.4801,,
2015/1/6,90.9,171.5749,,
2015/1/7,96.4,170.6316,,
2015/1/8,91.3,169.73,,
2015/1/9,90.6,168.9241,,
2015/1/10,98.6,168.0011,,
2015/1/11,92.5,167.3083,,
2015/1/12,97.8,166.4139,,
2015/1/13,91.5,165.7494,,
2015/1/14,86.3,164.9626,,
2015/1/15,88.7,164.2526,,
2015/1/16,93.2,163.609,,
2015/1/17,101,162.8469,,
2015/1/18,97.6,162.3076,,
2015/1/19,98.2,161.5528,,
2015/1/20,97.3,161.0363,,
2015/1/21,96.4,160.362,,
2015/1/22,98.1,159.8048,,
2015/1/23,99.4,159.2419,,
2015/1/24,106,158.6367,,
2015/1/25,105,158.159,,
2015/1/26,107,157.5472,,
2015/1/27,94.1,157.0972,,
2015/1/28,94.4,156.5331,,
2015/1/29,92.8,156.0619,,
2015/1/30,92.8,155.5717,,
2015/1/31,96.5,155.0685,,
2015/2/1,98.4,154.6399,,
2015/2/2,102,154.1295,,
2015/2/3,100,153.7238,,
2015/2/4,96.3,153.2433,,
2015/2/5,98.2,152.826,,
2015/2/6,98.0,152.3957,,
2015/2/7,96.2,151.956,,
2015/2/8,96.0,151.5719,,
2015/2/9,98.8,151.1219,,
2015/2/10,97.8,150.7626,,
2015/2/11,97.0,150.3235,,
2015/2/12,93.8,149.9686,,
2015/2/13,97.0,149.5526,,
2015/2/14,93.9,149.1931,,
2015/2/15,93.0,148.8011,,
2015/2/16,93.3,148.4399,,
2015/2/17,91.4,148.0668,,
2015/2/18,89.1,147.7052,,
2015/2/19,86.1,147.3516,,
2015/2/20,86.9,146.9823,,
2015/2/21,98.1,146.6571,,
2015/2/22,94.1,146.269,,
2015/2/23,82.7,145.9821,,
2015/2/24,76.9,145.5893,,
2015/2/25,81.3,145.3392,,
2015/2/26,82.6,144.9531,,
2015/2/27,80.6,144.884,,
2015/2/28,81.4,144.6676,,
2015/3/1,81.2,145.0561,,
2015/3/2,79.5,145.6059,,
2015/3/3,79.2,144.9216,,
2015/3/4,81.3,144.6408,,
2015/3/5,78.9,144.9574,,
2015/3/6,83.2,144.8399,,
2015/3/7,81.7,144.5823,,
2015/3/8,81.6,143.8248,,
2015/3/9,81.9,143.4492,,
2015/3/10,81.0,143.2931,,
2015/3/11,84.7,142.4073,,
2015/3/12,79.7,142.357,,
2015/3/13,82.5,141.7492,,
2015/3/14,84.3,141.4097,,
2015/3/15,82.7,141.001,,
2015/3/16,84.3,140.6256,,
2015/3/17,84.4,140.2699,,
2015/3/18,88.4,140.1435,,
2015/3/19,88.0,139.9898,,
2015/3/20,88.7,139.8407,,
2015/3/21,89.9,139.3069,,
2015/3/22,87.0,139.0167,,
2015/3/23,86.8,138.5253,,
2015/3/24,92.4,138.2947,,
2015/3/25,90.7,137.762,,
2015/3/26,96.0,137.5835,,
2015/3/27,94.2,137.1914,,
2015/3/28,102,136.9396,,
2015/3/29,117,136.7508,,
2015/3/30,133,136.9247,,
2015/3/31,145,137.9605,,
2015/4/1,151,142.7292,,
2015/4/2,166,147.7027,,
2015/4/3,182,150.8792,,
2015/4/4,190,154.0922,,
2015/4/5,213,157.9946,,
2015/4/6,231,161.3115,,
2015/4/7,234,160.0269,,
2015/4/8,210,158.6048,,
2015/4/9,224,157.1342,,
2015/4/10,226,155.818,,
2015/4/11,233,153.9927,,
2015/4/12,242,153.085,,
2015/4/13,230,152.5439,,
2015/4/14,244,153.7381,,
2015/4/15,272,157.7531,,
2015/4/16,277,171.8557,,
2015/4/17,282,203.6139,,
2015/4/18,284,237.6891,,
2015/4/19,278,250.6893,,
2015/4/20,270,246.4227,,
2015/4/21,259,246.6731,,
2015/4/22,237,254.7374,,
2015/4/23,218,259.3901,,
2015/4/24,220,253.6705,,
2015/4/25,213,246.6048,,
2015/4/26,213,243.2041,,
2015/4/27,210,240.5752,,
2015/4/28,217,241.2151,,
2015/4/29,230,245.1399,,
2015/4/30,237,252.6003,,
2015/5/1,258,253.7365,,
2015/5/2,270,255.1033,,
2015/5/3,280,261.0226,,
2015/5/4,282,269.1958,,
2015/5/5,279,270.9705,,
2015/5/6,277,268.4391,,
2015/5/7,268,267.9437,,
2015/5/8,260,266.8976,,
2015/5/9,253,266.8588,,
2015/5/10,238,270.9317,,
2015/5/11,233,283.1497,,
2015/5/12,230,306.8138,,
2015/5/13,246,337.5426,,
2015/5/14,277,377.1738,,
2015/5/15,347,421.762,,
2015/5/16,397,460.9902,,
2015/5/17,379,487.3694,,
2015/5/18,374,502.037,,
2015/5/19,380,517.3207,,
2015/5/20,404,537.2698,,
2015/5/21,459,559.6864,,
2015/5/22,463,575.3006,,
2015/5/23,408,591.2346,,
2015/5/24,383,612.2438,,
2015/5/25,404,618.3589,,
2015/5/26,466,617.9502,,
2015/5/27,478,624.7289,,
2015/5/28,493,622.6675,,
2015/5/29,503,613.7992,,
2015/5/30,464,598.6595,,
2015/5/31,426,584.4286,,
2015/6/1,412,582.4753,,
2015/6/2,428,575.4237,,
2015/6/3,454,566.0489,,
2015/6/4,490,557.3908,,
2015/6/5,480,548.3522,,
2015/6/6,546,538.0107,,
2015/6/7,569,524.8379,,
2015/6/8,541,512.4052,,
2015/6/9,545,499.0972,,
2015/6/10,523,486.7946,,
2015/6/11,490,473.085,,
2015/6/12,450,460.8598,,
2015/6/13,442,455.9559,,
2015/6/14,451,461.4353,,
2015/6/15,456,481.7789,,
2015/6/16,451,524.0236,,
2015/6/17,486,578.2811,,
2015/6/18,531,620.6493,,
2015/6/19,562,657.3815,,
2015/6/20,615,700.998,,
2015/6/21,630,734.2532,,
2015/6/22,622,751.7827,,
2015/6/23,622,765.6327,,
2015/6/24,676,780.2344,,
2015/6/25,738,793.0671,,
2015/6/26,864,799.4135,,
2015/6/27,878,800.0302,,
2015/6/28,867,796.3244,,
2015/6/29,1070,792.182,,
2015/6/30,1200,793.99,,
2015/7/1,1540,796.1056,,
2015/7/2,1850,798.9185,,
2015/7/3,1990,861.9113,,
2015/7/4,1970,961.9349,,
2015/7/5,2010,967.2241,,
2015/7/6,1810,908.6846,,
2015/7/7,1580,901.8015,,
2015/7/8,1290,887.7728,,
2015/7/9,1110,870.7435,,
2015/7/10,1020,843.6763,,
2015/7/11,908,814.1878,,
2015/7/12,803,785.2274,,
2015/7/13,740,760.6232,,
2015/7/14,690,741.2842,,
2015/7/15,635,740.7226,,
2015/7/16,603,732.7756,,
2015/7/17,588,708.6088,,
2015/7/18,572,678.5525,,
2015/7/19,563,654.5519,,
2015/7/20,546,630.9485,,
2015/7/21,507,603.1947,,
2015/7/22,472,585.5566,,
2015/7/23,445,556.5723,,
2015/7/24,407,541.6393,,
2015/7/25,383,517.0573,,
2015/7/26,364,500.1337,,
2015/7/27,352,481.9753,,
2015/7/28,336,462.8294,,
2015/7/29,333,449.8574,,
2015/7/30,333,431.4626,,
2015/7/31,342,420.3605,,
2015/8/1,346,412.5122,,
2015/8/2,341,405.839,,
2015/8/3,345,397.6309,,
2015/8/4,362,385.5271,,
2015/8/5,385,372.8946,,
2015/8/6,401,369.7036,,
2015/8/7,434,365.8083,,
2015/8/8,507,353.1934,,
2015/8/9,528,346.5321,,
2015/8/10,529,338.6109,,
2015/8/11,521,326.4985,,
2015/8/12,498,317.6329,,
2015/8/13,441,311.0891,,
2015/8/14,418,305.1661,,
2015/8/15,419,307.1833,,
2015/8/16,431,314.1536,,
2015/8/17,444,320.2084,,
2015/8/18,499,335.6583,,
2015/8/19,531,350.0303,,
2015/8/20,554,368.4405,,
2015/8/21,574,402.3374,,
2015/8/22,565,423.7745,,
2015/8/23,557,422.6048,,
2015/8/24,621,415.267,,
2015/8/25,676,414.416,,
2015/8/26,599,417.2626,,
2015/8/27,505,420.6758,,
2015/8/28,482,432.3339,,
2015/8/29,466,450.6263,,
2015/8/30,457,484.3819,,
2015/8/31,453,524.4802,,
2015/9/1,484,533.0444,,
2015/9/2,514,551.567,,
2015/9/3,533,573.574,,
2015/9/4,558,596.1129,,
2015/9/5,580,620.6527,,
2015/9/6,573,641.9672,,
2015/9/7,591,661.9752,,
2015/9/8,591,679.415,,
2015/9/9,600,691.4996,,
2015/9/10,597,698.7607,,
2015/9/11,619,703.6016,,
2015/9/12,576,705.2217,,
2015/9/13,551,704.322,,
2015/9/14,546,702.0271,,
2015/9/15,540,698.4328,,
2015/9/16,536,694.4893,,
2015/9/17,524,689.2817,,
2015/9/18,528,684.4071,,
2015/9/19,540,676.9409,,
2015/9/20,547,669.7477,,
2015/9/21,553,662.1813,,
2015/9/22,549,653.4719,,
2015/9/23,542,644.4489,,
2015/9/24,531,635.1006,,
2015/9/25,538,626.7131,,
2015/9/26,549,617.4485,,
2015/9/27,554,607.3818,,
2015/9/28,538,596.347,,
2015/9/29,526,584.7794,,
2015/9/30,521,572.5317,,
2015/10/1,492,525.7119,,
2015/10/2,427,493.6046,,
2015/10/3,387,469.5247,,
2015/10/4,366,449.9234,,
2015/10/5,369,432.3226,,
2015/10/6,366,417.0135,,
2015/10/7,363,404.512,,
2015/10/8,356,394.4054,,
2015/10/9,351,384.9681,,
2015/10/10,344,375.326,,
2015/10/11,334,365.2036,,
2015/10/12,321,354.616,,
2015/10/13,313,344.4871,,
2015/10/14,303,334.0653,,
2015/10/15,300,324.5378,,
2015/10/16,295,315.1265,,
2015/10/17,289,306.2134,,
2015/10/18,291,298.404,,
2015/10/19,288,290.5609,,
2015/10/20,287,283.4111,,
2015/10/21,282,276.3017,,
2015/10/22,284,269.4804,,
2015/10/23,282,263.0125,,
2015/10/24,280,257.1655,,
2015/10/25,276,251.6612,,
2015/10/26,269,245.9695,,
2015/10/27,265,240.414,,
2015/10/28,262,235.0397,,
2015/10/29,258,229.8912,,
2015/10/30,247,225.0923,,
2015/10/31,240,220.1023,,
2015/11/1,243,214.7664,,
2015/11/2,238,209.6792,,
2015/11/3,235,205.4178,,
2015/11/4,234,201.4602,,
2015/11/5,226,197.6096,,
2015/11/6,232,194.2331,,
2015/11/7,230,190.7142,,
2015/11/8,222,187.8242,,
2015/11/9,209,184.6198,,
2015/11/10,211,182.0928,,
2015/11/11,202,179.1034,,
2015/11/12,198,176.6216,,
2015/11/13,188,174.0289,,
2015/11/14,185,171.6379,,
2015/11/15,189,169.3854,,
2015/11/16,188,167.1391,,
2015/11/17,183,165.1173,,
2015/11/18,175,163.0708,,
2015/11/19,158,161.1402,,
2015/11/20,165,159.3309,,
2015/11/21,170,157.5289,,
2015/11/22,149,155.8506,,
2015/11/23,149,154.2599,,
2015/11/24,150,152.6406,,
2015/11/25,152,151.2567,,
2015/11/26,145,149.7148,,
2015/11/27,151,148.4742,,
2015/11/28,143,147.046,,
2015/11/29,143,145.9034,,
2015/11/30,144,144.594,,
2015/12/1,138,143.1619,,
2015/12/2,129,142.2602,,
2015/12/3,119,141.6775,,
2015/12/4,103,141.0393,,
2015/12/5,97.9,140.1102,,
2015/12/6,80.3,139.5954,,
2015/12/7,96.8,138.3912,,
2015/12/8,84.7,137.6686,,
2015/12/9,94.4,136.6432,,
2015/12/10,101,135.785,,
2015/12/11,92.3,135.0684,,
2015/12/12,90.5,134.1589,,
2015/12/13,95.2,133.5074,,
2015/12/14,95.4,132.6561,,
2015/12/15,78.8,132.0463,,
2015/12/16,72.3,131.2904,,
2015/12/17,76.1,130.6378,,
2015/12/18,55.8,130.035,,
2015/12/19,55.5,129.3249,,
2015/12/20,46.1,128.8268,,
2015/12/21,50.9,128.146,,
2015/12/22,50.9,127.6261,,
2015/12/23,51.4,127.0918,,
2015/12/24,55.0,126.4745,,
2015/12/25,45.4,126.0697,,
2015/12/26,42.7,125.4566,,
2015/12/27,44.9,125.021,,
2015/12/28,57.9,124.5547,,
2015/12/29,71.5,124.0105,,
2015/12/30,84.2,123.6672,,
2015/12/31,75.7,123.1152,,
2016/1/1,84.2,122.7527,,
2016/1/2,70.2,122.3118,,
2016/1/3,59.3,121.8672,,
2016/1/4,63.0,121.5224,,
2016/1/5,51.1,121.0672,,
2016/1/6,61.4,120.7184,,
2016/1/7,68.9,120.3338,,
2016/1/8,71.1,119.9401,,
2016/1/9,65.9,119.6119,,
2016/1/10,57.4,119.2254,,
2016/1/11,58.2,118.8823,,
2016/1/12,58.1,118.5595,,
2016/1/13,64.2,118.1753,,
2016/1/14,67.3,117.9006,,
2016/1/15,66.1,117.5206,,
2016/1/16,56.4,117.2325,,
2016/1/17,63.3,116.91,,
2016/1/18,65.0,116.5756,,
2016/1/19,61.5,116.3115,,
2016/1/20,58.6,115.9561,,
2016/1/21,61.4,115.7052,,
2016/1/22,48.8,115.376,,
2016/1/23,43.6,115.1002,,
2016/1/24,41.6,114.815,,
2016/1/25,38.0,114.5164,,
2016/1/26,38.6,114.2541,,
2016/1/27,43.4,113.961,,
2016/1/28,45.6,113.6929,,
2016/1/29,43.0,113.4243,,
2016/1/30,43.2,113.1443,,
2016/1/31,43.1,112.8911,,
2016/2/1,45.7,112.6182,,
2016/2/2,46.4,112.3568,,
2016/2/3,49.0,112.1087,,
2016/2/4,50.2,111.8304,,
2016/2/5,51.8,111.6039,,
2016/2/6,50.3,111.3216,,
2016/2/7,52.3,111.0954,,
2016/2/8,52.2,110.8319,,
2016/2/9,54.0,110.5868,,
2016/2/10,54.7,110.3524,,
2016/2/11,53.2,110.0877,,
2016/2/12,53.1,109.8737,,
2016/2/13,64.9,109.6042,,
2016/2/14,59.3,109.3906,,
2016/2/15,71.4,109.1357,,
2016/2/16,72.7,108.9079,,
2016/2/17,73.6,108.6747,,
2016/2/18,71.3,108.4326,,
2016/2/19,75.4,108.2134,,
2016/2/20,74.7,107.9694,,
2016/2/21,56.0,107.7627,,
2016/2/22,75.1,107.5324,,
2016/2/23,68.6,107.3124,,
2016/2/24,54.9,107.1074,,
2016/2/25,56.4,106.9072,,
2016/2/26,64.2,106.7707,,
2016/2/27,62.7,106.6411,,
2016/2/28,72.9,106.4892,,
2016/2/29,78.7,106.2605,,
2016/3/1,81.5,105.6658,,
2016/3/2,80.1,105.2481,,
2016/3/3,82.0,104.8889,,
2016/3/4,86.5,104.6714,,
2016/3/5,74.7,104.5068,,
2016/3/6,73.9,104.2479,,
2016/3/7,64.4,104.0363,,
2016/3/8,68.8,103.8346,,
2016/3/9,69.8,103.5756,,
2016/3/10,70.9,103.397,,
2016/3/11,70.5,103.1575,,
2016/3/12,73.1,102.9651,,
2016/3/13,72.0,102.9728,,
2016/3/14,79.3,103.3393,,
2016/3/15,80.1,103.9074,,
2016/3/16,79.9,103.9291,,
2016/3/17,84.0,103.5355,,
2016/3/18,86.2,103.3601,,
2016/3/19,88.4,103.0443,,
2016/3/20,94.0,102.7462,,
2016/3/21,97.9,102.5223,,
2016/3/22,96.8,102.1638,,
2016/3/23,96.9,101.9454,,
2016/3/24,100,101.6623,,
2016/3/25,104,101.3502,,
2016/3/26,104,101.169,,
2016/3/27,105,100.955,,
2016/3/28,106,101.0706,,
2016/3/29,120,100.6294,,
2016/3/30,123,100.3692,,
2016/3/31,126,100.3956,,
2016/4/1,131,100.9261,,
2016/4/2,140,100.0638,,
2016/4/3,149,99.5072,,
2016/4/4,161,99.7482,,
2016/4/5,180,100.5745,,
2016/4/6,205,103.0717,,
2016/4/7,232,104.3944,,
2016/4/8,313,104.1119,,
2016/4/9,301,103.8133,,
2016/4/10,269,103.6046,,
2016/4/11,258,102.8445,,
2016/4/12,243,103.1188,,
2016/4/13,228,103.2087,,
2016/4/14,220,102.8486,,
2016/4/15,221,102.5101,,
2016/4/16,214,101.954,,
2016/4/17,206,101.7577,,
2016/4/18,203,101.5825,,
2016/4/19,188,101.6905,,
2016/4/20,186,104.0605,,
2016/4/21,183,106.3072,,
2016/4/22,182,106.0034,,
2016/4/23,188,105.3113,,
2016/4/24,200,104.8751,,
2016/4/25,199,105.1862,,
2016/4/26,195,104.3609,,
2016/4/27,190,104.1624,,
2016/4/28,193,104.2626,,
2016/4/29,195,103.6222,,
2016/4/30,200,103.8911,,
2016/5/1,197,103.7602,,
2016/5/2,195,103.8387,,
2016/5/3,203,103.4706,,
2016/5/4,211,103.6197,,
2016/5/5,224,104.1427,,
2016/5/6,245,105.615,,
2016/5/7,265,109.0271,,
2016/5/8,264,113.0263,,
2016/5/9,262,115.4011,,
2016/5/10,257,116.3317,,
2016/5/11,263,117.2557,,
2016/5/12,296,118.6768,,
2016/5/13,311,121.3168,,
2016/5/14,305,125.0888,,
2016/5/15,311,127.404,,
2016/5/16,308,128.8744,,
2016/5/17,310,131.8018,,
2016/5/18,311,134.318,,
2016/5/19,285,134.9753,,
2016/5/20,293,136.9598,,
2016/5/21,285,139.579,,
2016/5/22,278,141.7754,,
2016/5/23,276,143.1365,,
2016/5/24,267,144.3118,,
2016/5/25,258,148.7049,,
2016/5/26,260,158.8918,,
2016/5/27,259,167.3864,,
2016/5/28,266,169.1695,,
2016/5/29,280,171.7743,,
2016/5/30,298,179.5384,,
2016/5/31,342,196.7001,,
2016/6/1,396,205.9775,,
2016/6/2,415,211.7063,,
2016/6/3,410,215.1142,,
2016/6/4,385,219.8974,,
2016/6/5,354,226.9371,,
2016/6/6,332,234.2674,,
2016/6/7,342,239.3843,,
2016/6/8,361,243.8558,,
2016/6/9,354,250.1786,,
2016/6/10,362,256.6864,,
2016/6/11,367,259.9357,,
2016/6/12,381,258.7703,,
2016/6/13,382,256.2468,,
2016/6/14,396,254.5819,,
2016/6/15,397,254.4565,,
2016/6/16,386,256.4048,,
2016/6/17,371,257.3599,,
2016/6/18,394,255.6686,,
2016/6/19,457,254.1867,,
2016/6/20,528,253.5781,,
2016/6/21,498,252.9312,,
2016/6/22,519,252.7175,,
2016/6/23,521,254.2581,,
2016/6/24,596,262.2215,,
2016/6/25,619,276.4047,,
2016/6/26,647,292.3637,,
2016/6/27,658,314.073,,
2016/6/28,625,347.6263,,
2016/6/29,596,386.949,,
2016/6/30,564,425.8915,,
2016/7/1,538,548.1676,,
2016/7/2,512,546.0346,,
2016/7/3,514,532.8116,,
2016/7/4,492,594.9775,,
2016/7/5,599,683.8506,,
2016/7/6,757,868.3297,,
2016/7/7,792,1138.0719,,
2016/7/8,806,1246.8917,,
2016/7/9,827,1252.0918,,
2016/7/10,885,1378.7573,,
2016/7/11,1150,1455.2689,,
2016/7/12,1390,1466.1252,,
2016/7/13,1600,1439.3235,,
2016/7/14,1360,1394.209,,
2016/7/15,1280,1374.839,,
2016/7/16,1290,1272.1251,,
2016/7/17,1190,1250.5109,,
2016/7/18,1230,1213.2499,,
2016/7/19,1070,1218.363,,
2016/7/20,848,1284.0205,,
2016/7/21,763,1287.6567,,
2016/7/22,764,1346.6479,,
2016/7/23,860,1352.9229,,
2016/7/24,971,1403.8795,,
2016/7/25,1040,1414.4884,,
2016/7/26,1140,1339.4241,,
2016/7/27,1000,1306.4698,,
2016/7/28,980,1236.4888,,
2016/7/29,845,1188.5837,,
2016/7/30,708,1131.9208,,
2016/7/31,620,1084.8746,,
2016/8/1,562,1062.5745,,
2016/8/2,538,1036.7567,,
2016/8/3,507,1014.8511,,
2016/8/4,490,967.9259,,
2016/8/5,485,933.2899,,
2016/8/6,501,897.4751,,
2016/8/7,495,852.6237,,
2016/8/8,477,827.0776,,
2016/8/9,471,788.3207,,
2016/8/10,456,761.2235,,
2016/8/11,461,731.537,,
2016/8/12,468,699.7394,,
2016/8/13,465,696.8123,,
2016/8/14,462,711.0833,,
2016/8/15,477,758.1521,,
2016/8/16,498,783.0109,,
2016/8/17,561,775.8673,,
2016/8/18,718,767.0562,,
2016/8/19,746,742.2173,,
2016/8/20,717,708.0378,,
2016/8/21,701,680.4988,,
2016/8/22,642,658.7426,,
2016/8/23,605,627.2108,,
2016/8/24,587,610.5649,,
2016/8/25,576,615.4429,,
2016/8/26,583,669.1333,,
2016/8/27,607,764.0467,,
2016/8/28,627,790.7463,,
2016/8/29,769,760.8436,,
2016/8/30,911,759.2517,,
2016/8/31,865,773.6856,,
2016/9/1,833,777.4814,,
2016/9/2,899,788.4667,,
2016/9/3,1020,799.1694,,
2016/9/4,1020,813.7459,,
2016/9/5,1100,830.9517,,
2016/9/6,1120,844.2235,,
2016/9/7,1090,858.7486,,
2016/9/8,1100,867.7672,,
2016/9/9,1030,876.3423,,
2016/9/10,948,879.2893,,
2016/9/11,901,877.1105,,
2016/9/12,853,874.108,,
2016/9/13,803,866.832,,
2016/9/14,757,862.1691,,
2016/9/15,714,857.1332,,
2016/9/16,686,851.8593,,
2016/9/17,666,847.9816,,
2016/9/18,683,847.3989,,
2016/9/19,708,846.1383,,
2016/9/20,706,842.1678,,
2016/9/21,706,836.577,,
2016/9/22,694,828.9334,,
2016/9/23,679,821.3349,,
2016/9/24,652,813.4858,,
2016/9/25,618,803.9221,,
2016/9/26,601,792.8726,,
2016/9/27,609,781.0247,,
2016/9/28,611,767.5219,,
2016/9/29,617,753.6996,,
2016/9/30,616,738.4442,,
2016/10/1,604,681.9811,,
2016/10/2,589,644.2672,,
2016/10/3,577,614.3563,,
2016/10/4,557,593.5943,,
2016/10/5,528,574.2705,,
2016/10/6,513,561.082,,
2016/10/7,496,551.0895,,
2016/10/8,481,539.8615,,
2016/10/9,476,534.1528,,
2016/10/10,473,530.3519,,
2016/10/11,475,531.7426,,
2016/10/12,506,529.6956,,
2016/10/13,505,524.1805,,
2016/10/14,501,519.9904,,
2016/10/15,500,512.1492,,
2016/10/16,497,503.4835,,
2016/10/17,495,491.4587,,
2016/10/18,499,479.1469,,
2016/10/19,487,464.2109,,
2016/10/20,473,448.8816,,
2016/10/21,459,435.1056,,
2016/10/22,434,420.238,,
2016/10/23,419,407.1597,,
2016/10/24,403,393.4715,,
2016/10/25,386,381.1343,,
2016/10/26,369,368.2498,,
2016/10/27,359,356.6345,,
2016/10/28,349,345.3217,,
2016/10/29,333,334.1421,,
2016/10/30,316,324.6069,,
2016/10/31,302,314.0577,,
2016/11/1,280,303.0102,,
2016/11/2,268,292.1734,,
2016/11/3,268,283.3442,,
2016/11/4,260,275.0248,,
2016/11/5,250,266.8071,,
2016/11/6,251,259.8314,,
2016/11/7,249,252.4069,,
2016/11/8,255,246.0532,,
2016/11/9,253,239.4768,,
2016/11/10,246,233.6221,,
2016/11/11,237,227.7514,,
2016/11/12,230,222.3892,,
2016/11/13,225,217.1197,,
2016/11/14,221,212.2078,,
2016/11/15,198,207.4836,,
2016/11/16,188,202.9678,,
2016/11/17,189,198.7477,,
2016/11/18,184,194.5782,,
2016/11/19,167,190.8199,,
2016/11/20,162,186.9661,,
2016/11/21,153,183.6034,,
2016/11/22,149,180.0786,,
2016/11/23,142,177.0081,,
2016/11/24,136,173.8567,,
2016/11/25,153,170.9751,,
2016/11/26,145,168.2201,,
2016/11/27,137,165.4788,,
2016/11/28,134,163.0754,,
2016/11/29,122,160.5034,,
2016/11/30,112,158.3462,,
2016/12/1,103,155.1348,,
2016/12/2,102,153.8964,,
2016/12/3,92.5,152.9973,,
2016/12/4,96.6,151.5006,,
2016/12/5,89.5,150.5409,,
2016/12/6,90.7,148.9953,,
2016/12/7,100,147.1589,,
2016/12/8,98.5,145.7304,,
2016/12/9,106,143.5794,,
2016/12/10,108,142.3448,,
2016/12/11,111,140.7417,,
2016/12/12,106,139.2604,,
2016/12/13,105,138.0632,,
2016/12/14,103,136.4313,,
2016/12/15,99.2,135.5258,,
2016/12/16,103,134.0126,,
2016/12/17,100,133.0434,,
2016/12/18,90.0,131.826,,
2016/12/19,91.9,130.7888,,
2016/12/20,93.5,129.7889,,
2016/12/21,89.2,128.6938,,
2016/12/22,86.5,127.9354,,
2016/12/23,84.8,126.7621,,
2016/12/24,87.1,126.172,,
2016/12/25,83.8,125.0576,,
2016/12/26,80.2,124.4461,,
2016/12/27,80.2,123.5572,,
2016/12/28,82.8,122.7911,,
2016/12/29,77.4,122.1819,,
2016/12/30,71.0,121.2713,,
2016/12/31,68.4,120.8474,,
2017/1/1,65.1,119.9349,,
2017/1/2,67.9,119.5138,,
2017/1/3,70.2,118.7649,,
2017/1/4,69.3,118.2147,,
2017/1/5,67.5,117.6861,,
2017/1/6,65.3,117.0147,,
2017/1/7,70.3,116.6327,,
2017/1/8,66.6,115.9409,,
2017/1/9,60.0,115.5891,,
2017/1/10,53.0,114.9743,,
2017/1/11,47.6,114.5739,,
2017/1/12,49.0,114.0818,,
2017/1/13,55.9,113.6053,,
2017/1/14,54.4,113.2379,,
2017/1/15,53.2,112.695,,
2017/1/16,58.7,112.4217,,
2017/1/17,58.6,111.8568,,
2017/1/18,57.9,111.6111,,
2017/1/19,61.8,111.0995,,
2017/1/20,61.4,110.7971,,
2017/1/21,67.4,110.413,,
2017/1/22,70.7,109.9959,,
2017/1/23,67.2,109.7617,,
2017/1/24,69.6,109.2446,,
2017/1/25,72.8,109.102,,
2017/1/26,75.8,108.5725,,
2017/1/27,76.8,108.4136,,
2017/1/28,78.2,107.9778,,
2017/1/29,80.1,107.7113,,
2017/1/30,81.3,107.4249,,
2017/1/31,82.0,107.0343,,
2017/2/1,78.2,106.8702,,
2017/2/2,80.0,106.4158,,
2017/2/3,76.8,106.2885,,
2017/2/4,78.7,105.8618,,
2017/2/5,77.8,105.6913,,
2017/2/6,73.1,105.3654,,
2017/2/7,79.3,105.1016,,
2017/2/8,81.8,104.8637,,
2017/2/9,74.1,104.5558,,
2017/2/10,79.1,104.3751,,
2017/2/11,83.2,104.0336,,
2017/2/12,82.4,103.8405,,
2017/2/13,78.4,103.5412,,
2017/2/14,78.4,103.3141,,
2017/2/15,80.2,103.0602,,
2017/2/16,78.3,102.7994,,
2017/2/17,76.8,102.5838,,
2017/2/18,73.2,102.3077,,
2017/2/19,78.4,102.1002,,
2017/2/20,78.7,101.8862,,
2017/2/21,79.7,101.735,,
2017/2/22,78.5,101.7281,,
2017/2/23,79.3,101.9639,,
2017/2/24,81.7,102.1821,,
2017/2/25,79.6,102.0588,,
2017/2/26,82.1,101.8391,,
2017/2/27,77.7,101.8052,,
2017/2/28,78.8,101.6953,,
2017/3/1,77.7,100.8507,,
2017/3/2,75.9,100.3512,,
2017/3/3,66.7,99.9601,,
2017/3/4,76.6,99.6583,,
2017/3/5,75.4,99.4899,,
2017/3/6,75.2,99.1545,,
2017/3/7,75.3,98.9362,,
2017/3/8,77.4,98.6314,,
2017/3/9,75.7,98.4581,,
2017/3/10,76.1,98.1039,,
2017/3/11,74.1,97.9657,,
2017/3/12,76.0,97.6337,,
2017/3/13,74.5,97.4497,,
2017/3/14,76.8,97.1924,,
2017/3/15,79.9,96.9433,,
2017/3/16,81.9,96.7516,,
2017/3/17,77.6,96.4632,,
2017/3/18,77.2,96.3015,,
2017/3/19,77.1,96.0113,,
2017/3/20,80.8,95.842,,
2017/3/21,77.8,95.5829,,
2017/3/22,78.5,95.3808,,
2017/3/23,80.5,95.235,,
2017/3/24,81.3,95.1087,,
2017/3/25,85.6,95.1647,,
2017/3/26,87.6,95.3247,,
2017/3/27,90.2,95.4591,,
2017/3/28,87.9,95.3365,,
2017/3/29,90.8,95.0052,,
2017/3/30,93.2,94.9369,,
2017/3/31,96.8,95.0064,,
2017/4/1,96.7,95.6829,,
2017/4/2,103,98.8777,,
2017/4/3,114,104.3145,,
2017/4/4,122,106.3305,,
2017/4/5,134,105.2821,,
2017/4/6,149,133.1497,,
2017/4/7,161,205.7639,,
2017/4/8,185,256.6108,,
2017/4/9,237,258.5985,,
2017/4/10,270,255.0159,,
2017/4/11,265,251.865,,
2017/4/12,242,243.39,,
2017/4/13,212,236.0921,,
2017/4/14,182,229.0581,,
2017/4/15,181,222.7441,,
2017/4/16,170,215.3926,,
2017/4/17,170,209.7743,,
2017/4/18,147,204.6283,,
2017/4/19,169,204.3031,,
2017/4/20,198,207.5495,,
2017/4/21,236,206.0418,,
2017/4/22,250,203.4627,,
2017/4/23,245,207.3826,,
2017/4/24,266,223.0621,,
2017/4/25,270,231.6453,,
2017/4/26,285,228.7107,,
2017/4/27,277,224.058,,
2017/4/28,289,219.3401,,
2017/4/29,294,213.6168,,
2017/4/30,279,209.0639,,
2017/5/1,284,209.8132,,
2017/5/2,284,214.3234,,
2017/5/3,280,220.8487,,
2017/5/4,253,221.3358,,
2017/5/5,233,219.7525,,
2017/5/6,221,217.8025,,
2017/5/7,216,215.3101,,
2017/5/8,214,215.1356,,
2017/5/9,212,222.5806,,
2017/5/10,211,240.9868,,
2017/5/11,233,262.5208,,
2017/5/12,241,276.2907,,
2017/5/13,230,290.6726,,
2017/5/14,268,310.8161,,
2017/5/15,263,316.1981,,
2017/5/16,242,311.9288,,
2017/5/17,233,316.8385,,
2017/5/18,239,334.4488,,
2017/5/19,272,367.9516,,
2017/5/20,302,404.4284,,
2017/5/21,323,430.8686,,
2017/5/22,310,452.5045,,
2017/5/23,321,465.3649,,
2017/5/24,341,474.6375,,
2017/5/25,347,482.5686,,
2017/5/26,351,481.0695,,
2017/5/27,332,473.424,,
2017/5/28,325,480.7572,,
2017/5/29,322,502.4528,,
2017/5/30,312,530.1757,,
2017/5/31,306,584.1977,,
2017/6/1,370,625.5648,,
2017/6/2,491,677.4832,,
2017/6/3,585,735.3091,,
2017/6/4,587,790.6832,,
2017/6/5,557,824.4122,,
2017/6/6,528,837.0017,,
2017/6/7,498,848.4396,,
2017/6/8,477,878.1345,,
2017/6/9,488,924.5587,,
2017/6/10,550,976.8346,,
2017/6/11,519,1025.9479,,
2017/6/12,613,1084.3918,,
2017/6/13,682,1169.9957,,
2017/6/14,881,1264.0281,,
2017/6/15,952,1351.0356,,
2017/6/16,1050,1430.2891,,
2017/6/17,1100,1488.8933,,
2017/6/18,1300,1532.6737,,
2017/6/19,1330,1576.9363,,
2017/6/20,1380,1601.343,,
2017/6/21,1370,1600.1608,,
2017/6/22,1370,1588.6067,,
2017/6/23,1330,1573.3495,,
2017/6/24,1310,1568.3075,,
2017/6/25,1390,1571.2986,,
2017/6/26,1330,1558.9396,,
2017/6/27,1320,1531.7424,,
2017/6/28,1250,1493.3654,,
2017/6/29,1180,1446.7385,,
2017/6/30,1000,1401.9473,,
2017/7/1,855,1367.9786,,
2017/7/2,847,1484.3685,,
2017/7/3,895,1453.1588,,
2017/7/4,849,1435.2145,,
2017/7/5,868,1493.7148,,
2017/7/6,1040,1499.5234,,
2017/7/7,1070,1557.8159,,
2017/7/8,1120,1574.5739,,
2017/7/9,1350,1516.8903,,
2017/7/10,1550,1460.3914,,
2017/7/11,1640,1399.1046,,
2017/7/12,1570,1334.522,,
2017/7/13,1380,1278.2562,,
2017/7/14,1130,1219.1591,,
2017/7/15,885,1166.9586,,
2017/7/16,742,1120.1649,,
2017/7/17,693,1071.4956,,
2017/7/18,636,1030.3125,,
2017/7/19,608,978.647,,
2017/7/20,596,944.1075,,
2017/7/21,585,901.0155,,
2017/7/22,573,882.5924,,
2017/7/23,574,858.5286,,
2017/7/24,574,829.3588,,
2017/7/25,626,837.3499,,
2017/7/26,660,939.5276,,
2017/7/27,733,1001.5749,,
2017/7/28,836,953.0154,,
2017/7/29,960,931.4402,,
2017/7/30,1010,898.6558,,
2017/7/31,998,882.9602,,
2017/8/1,975,876.2922,,
2017/8/2,908,850.5991,,
2017/8/3,795,825.8242,,
2017/8/4,710,801.9448,,
2017/8/5,659,780.4099,,
2017/8/6,650,817.9738,,
2017/8/7,704,919.1416,,
2017/8/8,863,1012.8061,,
2017/8/9,838,1051.104,,
2017/8/10,779,1050.2776,,
2017/8/11,837,1041.3796,,
2017/8/12,876,1021.5278,,
2017/8/13,801,1017.1234,,
2017/8/14,724,1017.3538,,
2017/8/15,676,1014.8611,,
2017/8/16,636,1056.6952,,
2017/8/17,636,1103.7852,,
2017/8/18,699,1169.3965,,
2017/8/19,795,1267.2859,,
2017/8/20,896,1335.8091,,
2017/8/21,1080,1451.1926,,
2017/8/22,1120,1609.8262,,
2017/8/23,1240,1719.9474,,
2017/8/24,1260,1828.7548,,
2017/8/25,1260,1921.0142,,
2017/8/26,1260,1978.4663,,
2017/8/27,1380,2064.8298,,
2017/8/28,1550,2195.7314,,
2017/8/29,1690,2351.5737,,
2017/8/30,1880,2404.4253,,
2017/8/31,2060,2387.9341,,
2017/9/1,1990,2395.4431,,
2017/9/2,1980,2401.9941,,
2017/9/3,2020,2428.6306,,
2017/9/4,2080,2471.6301,,
2017/9/5,2230,2500.5139,,
2017/9/6,2460,2516.3818,,
2017/9/7,2550,2530.8506,,
2017/9/8,2370,2543.9312,,
2017/9/9,2310,2551.6128,,
2017/9/10,2200,2549.5447,,
2017/9/11,2050,2535.0359,,
2017/9/12,1990,2513.5679,,
2017/9/13,1840,2486.8779,,
2017/9/14,1700,2460.3379,,
2017/9/15,1560,2435.2891,,
2017/9/16,1460,2410.3699,,
2017/9/17,1410,2384.468,,
2017/9/18,1420,2360.2124,,
2017/9/19,1410,2337.1621,,
2017/9/20,1450,2311.0754,,
2017/9/21,1520,2287.4592,,
2017/9/22,1530,2269.5322,,
2017/9/23,1500,2249.7427,,
2017/9/24,1450,2231.001,,
2017/9/25,1480,2210.3298,,
2017/9/26,1560,2183.0088,,
2017/9/27,1580,2151.1802,,
2017/9/28,1630,2114.8203,,
2017/9/29,1560,2076.9832,,
2017/9/30,1450,2034.6218,,
2017/10/1,1370,1872.6892,,
2017/10/2,1290,1761.6228,,
2017/10/3,1180,1670.8613,,
2017/10/4,1120,1595.9907,,
2017/10/5,1040,1526.4303,,
2017/10/6,979,1461.4636,,
2017/10/7,918,1404.3638,,
2017/10/8,847,1346.8516,,
2017/10/9,789,1290.7258,,
2017/10/10,747,1238.0798,,
2017/10/11,738,1186.0872,,
2017/10/12,691,1138.6758,,
2017/10/13,651,1094.1208,,
2017/10/14,644,1052.512,,
2017/10/15,642,1014.3152,,
2017/10/16,640,973.8167,,
2017/10/17,643,937.9474,,
2017/10/18,629,902.005,,
2017/10/19,602,868.4852,,
2017/10/20,584,837.7306,,
2017/10/21,571,806.3528,,
2017/10/22,550,778.5243,,
2017/10/23,555,747.8065,,
2017/10/24,532,722.6326,,
2017/10/25,526,696.1114,,
2017/10/26,502,672.5657,,
2017/10/27,489,650.366,,
2017/10/28,477,628.1691,,
2017/10/29,466,607.8278,,
2017/10/30,457,586.0251,,
2017/10/31,455,568.019,,
2017/11/1,447,542.9662,,
2017/11/2,427,524.2734,,
2017/11/3,416,505.857,,
2017/11/4,413,489.4797,,
2017/11/5,399,474.5165,,
2017/11/6,391,459.4267,,
2017/11/7,381,446.5302,,
2017/11/8,372,432.7424,,
2017/11/9,365,421.1469,,
2017/11/10,354,408.8464,,
2017/11/11,350,398.0492,,
2017/11/12,341,387.3346,,
2017/11/13,328,377.0923,,
2017/11/14,316,367.8339,,
2017/11/15,310,358.187,,
2017/11/16,299,350.0378,,
2017/11/17,269,341.204,,
2017/11/18,251,333.754,,
2017/11/19,257,325.9387,,
2017/11/20,258,318.8914,,
2017/11/21,249,312.1443,,
2017/11/22,245,305.3998,,
2017/11/23,237,299.5872,,
2017/11/24,222,293.2167,,
2017/11/25,198,288.1,,
2017/11/26,178,282.2408,,
2017/11/27,163,277.5749,,
2017/11/28,152,272.3401,,
2017/11/29,140,267.9454,,
2017/11/30,143,263.3773,,
2017/12/1,150,257.4038,,
2017/12/2,151,255.4704,,
2017/12/3,154,252.2812,,
2017/12/4,146,250.7947,,
2017/12/5,139,247.1768,,
2017/12/6,141,244.6679,,
2017/12/7,149,241.3004,,
2017/12/8,158,237.6518,,
2017/12/9,165,235.2037,,
2017/12/10,165,231.3938,,
2017/12/11,150,229.5524,,
2017/12/12,136,226.3159,,
2017/12/13,130,224.093,,
2017/12/14,130,221.8185,,
2017/12/15,136,219.0096,,
2017/12/16,125,217.3369,,
2017/12/17,121,214.4869,,
2017/12/18,111,212.9733,,
2017/12/19,102,210.7282,,
2017/12/20,96.6,208.7447,,
2017/12/21,92.9,207.1758,,
2017/12/22,96.1,205.1268,,
2017/12/23,93.3,203.6563,,
2017/12/24,94.2,201.9494,,
2017/12/25,91.0,200.3357,,
2017/12/26,86.7,199.0211,,
2017/12/27,85.1,197.3544,,
2017/12/28,88.2,196.1449,,
2017/12/29,94.9,194.7981,,
2017/12/30,101,193.3265,,
2017/12/31,98.7,192.4749,,
,,,,
,,,,
,,,,
,,,,
,,,,
,,,,
,,,,
,,,,
,,,,
,,,,
,,,,
,,,,
,,,,
,,,,
,,,,
,,,,
,,,,
,,,,
,,,,
,,,,
,,,,
,,,,
,,,,
,,,,
,,,,
,,,,
,,,,
,,,,
,,,,
,,,,
,,,,
,,,,
,,,,
,,,,
,,,,
,,,,
,,,,
,,,,
,,,,
,,,,
,,,,
,,,,
,,,,
,,,,
,,,,
,,,,
,,,,
,,,,
,,,,
,,,,
,,,,
,,,,
,,,,
,,,,
,,,,
,,,,
,,,,
,,,,
,,,,
,,,,
,,,,
,,,,
,,,,
,,,,
,,,,
,,,,
,,,,
,,,,
,,,,
,,,,
,,,,
,,,,
,,,,
,,,,
,,,,
,,,,
,,,,
,,,,
,,,,
,,,,
,,,,
,,,,
,,,,
,,,,
,,,,
,,,,
,,,,
,,,,
,,,,
,,,,
,,,,
,,,,
,,,,
,,,,
,,,,
,,,,
,,,,
,,,,
,,,,
,,,,
,,,,
,,,,
,,,,
,,,,
,,,,
,,,,
,,,,
,,,,
,,,,
,,,,
,,,,
,,,,
,,,,
,,,,
,,,,
,,,,
,,,,
,,,,
,,,,
,,,,
,,,,
,,,,
,,,,
,,,,
,,,,
,,,,
,,,,
,,,,
,,,,
,,,,
,,,,
,,,,
,,,,
,,,,
,,,,
,,,,
,,,,
,,,,
,,,,
,,,,
,,,,
,,,,
,,,,
,,,,
,,,,
,,,,
,,,,
,,,,
,,,,
,,,,
,,,,
,,,,
,,,,
,,,,
,,,,
,,,,
,,,,
,,,,
,,,,
,,,,
,,,,
,,,,
,,,,
,,,,
,,,,
,,,,
,,,,
,,,,
,,,,
,,,,
,,,,
,,,,
,,,,
,,,,
,,,,
,,,,
,,,,
,,,,
,,,,
,,,,
,,,,
,,,,
,,,,
,,,,
,,,,
,,,,
,,,,
,,,,
,,,,
,,,,
,,,,
,,,,
,,,,
,,,,
,,,,
,,,,
,,,,
,,,,
,,,,
,,,,
,,,,
,,,,
,,,,
,,,,
,,,,
,,,,
,,,,
,,,,
,,,,
,,,,
,,,,
,,,,
,,,,
,,,,
,,,,
,,,,
,,,,
,,,,
,,,,
,,,,
,,,,
,,,,
,,,,
,,,,
,,,,
,,,,
,,,,
,,,,
,,,,
,,,,
,,,,
,,,,
,,,,
,,,,
,,,,
,,,,
,,,,
,,,,
,,,,
,,,,
,,,,
,,,,
,,,,
,,,,
,,,,
,,,,
,,,,
,,,,
,,,,
,,,,
,,,,
,,,,
,,,,
,,,,
,,,,
,,,,
,,,,
,,,,
,,,,
,,,,
,,,,
,,,,
,,,,
,,,,
,,,,
,,,,
,,,,
,,,,
,,,,
,,,,
,,,,
,,,,
,,,,
,,,,
,,,,
,,,,
,,,,
,,,,
,,,,
,,,,
,,,,
,,,,
,,,,
,,,,
,,,,
,,,,
,,,,
,,,,
,,,,
,,,,
,,,,
,,,,
,,,,
,,,,
,,,,
,,,,
,,,,
,,,,
,,,,
,,,,
,,,,
,,,,
,,,,
,,,,
,,,,
,,,,
,,,,
,,,,
,,,,
,,,,
,,,,
,,,,
,,,,
,,,,
,,,,
,,,,
,,,,
,,,,
,,,,
,,,,
,,,,
,,,,
,,,,
,,,,
,,,,
,,,,
,,,,
,,,,
,,,,
,,,,
,,,,
,,,,
,,,,
,,,,
,,,,
,,,,
,,,,
,,,,
,,,,
,,,,
,,,,
,,,,
,,,,
,,,,
,,,,
,,,,
,,,,
,,,,
,,,,
,,,,
,,,,
,,,,
,,,,
,,,,
,,,,
,,,,
,,,,
,,,,
,,,,
,,,,
,,,,
,,,,
,,,,
,,,,
,,,,
,,,,
,,,,
,,,,
,,,,
,,,,
,,,,
,,,,
,,,,
,,,,
,,,,
,,,,
,,,,
,,,,
,,,,
,,,,
,,,,
,,,,
,,,,
,,,,
,,,,
,,,,
,,,,
,,,,
,,,,
,,,,
,,,,
,,,,
,,,,
,,,,
,,,,
,,,,
,,,,
,,,,
,,,,
,,,,
,,,,
,,,,
,,,,
,,,,
,,,,
,,,,
,,,,
,,,,
,,,,
,,,,
,,,,
,,,,
,,,,
,,,,
,,,,
,,,,
,,,,
,,,,
,,,,
,,,,
,,,,
,,,,
,,,,
,,,,
,,,,
,,,,
,,,,
,,,,
,,,,
,,,,
,,,,
,,,,
,,,,
,,,,
,,,,
,,,,
,,,,
,,,,
,,,,
,,,,
,,,,
,,,,
,,,,
,,,,
,,,,
,,,,
,,,,
,,,,
,,,,
,,,,
,,,,
,,,,
,,,,
,,,,
,,,,
,,,,
,,,,
,,,,
,,,,
,,,,
,,,,
,,,,
,,,,
,,,,
,,,,
,,,,
,,,,
,,,,
,,,,
,,,,
,,,,
,,,,
,,,,
,,,,
,,,,
,,,,
,,,,
,,,,
,,,,
,,,,
,,,,
,,,,
,,,,
,,,,
,,,,
,,,,
,,,,
,,,,
,,,,
,,,,
,,,,
,,,,
,,,,
,,,,
,,,,
,,,,
,,,,
,,,,
,,,,
,,,,
,,,,
,,,,
,,,,
,,,,
,,,,
,,,,
,,,,
,,,,
,,,,
,,,,
,,,,
,,,,
,,,,
,,,,
,,,,
,,,,
,,,,
,,,,
,,,,
,,,,
,,,,
,,,,
,,,,
,,,,
,,,,
,,,,
,,,,
,,,,
,,,,
,,,,
,,,,
,,,,
,,,,
,,,,
,,,,
,,,,
,,,,
,,,,
,,,,
,,,,
,,,,
,,,,
,,,,
,,,,
,,,,
,,,,
,,,,
,,,,
,,,,
,,,,
,,,,
,,,,
,,,,
,,,,
,,,,
,,,,
,,,,
,,,,
,,,,
,,,,
,,,,
,,,,
,,,,
,,,,
,,,,
,,,,
,,,,
,,,,
,,,,
,,,,
,,,,
,,,,
,,,,
,,,,
,,,,
,,,,
,,,,
,,,,
,,,,
,,,,
,,,,
,,,,
,,,,
,,,,
,,,,
,,,,
,,,,
,,,,
,,,,
,,,,
,,,,
,,,,
,,,,
,,,,
,,,,
,,,,
,,,,
,,,,
,,,,
,,,,
,,,,
,,,,
,,,,
,,,,
,,,,
,,,,
,,,,
,,,,
,,,,
,,,,
,,,,
,,,,
,,,,
,,,,
,,,,
,,,,
,,,,
,,,,
,,,,
,,,,
,,,,
,,,,
,,,,
,,,,
,,,,
,,,,
,,,,
,,,,
,,,,
,,,,
,,,,
,,,,
,,,,
,,,,
,,,,
,,,,
,,,,
,,,,
,,,,
,,,,
,,,,
,,,,
,,,,
,,,,
,,,,
,,,,
,,,,
,,,,
,,,,
,,,,
,,,,
,,,,
,,,,
,,,,
,,,,
,,,,
,,,,
,,,,
,,,,
,,,,
,,,,
,,,,
,,,,
,,,,
,,,,
,,,,
,,,,
,,,,
,,,,
,,,,
,,,,
,,,,
,,,,
,,,,
,,,,
,,,,
,,,,
,,,,
,,,,
,,,,
,,,,
,,,,
,,,,
,,,,
,,,,
,,,,
,,,,
,,,,
,,,,
,,,,
,,,,
,,,,
,,,,
,,,,
,,,,
,,,,
,,,,
,,,,
,,,,
,,,,
,,,,
,,,,
,,,,
,,,,
,,,,
,,,,
,,,,
,,,,
,,,,
,,,,
,,,,
,,,,
,,,,
,,,,
,,,,
,,,,
,,,,
,,,,
,,,,
,,,,
,,,,
,,,,
,,,,
,,,,
,,,,
,,,,
,,,,
,,,,
,,,,
,,,,
,,,,
,,,,
,,,,
,,,,
,,,,
,,,,
,,,,
,,,,
,,,,
,,,,
,,,,
,,,,
,,,,
,,,,
,,,,
,,,,
,,,,
,,,,
,,,,
,,,,
,,,,
,,,,
,,,,
,,,,
,,,,
,,,,
,,,,
,,,,
,,,,
,,,,
,,,,
,,,,
,,,,
,,,,
,,,,
,,,,
,,,,
,,,,
,,,,
,,,,
,,,,
,,,,
,,,,
,,,,
,,,,
,,,,
,,,,
,,,,
,,,,
,,,,
,,,,
,,,,
,,,,
,,,,
,,,,
,,,,
,,,,
,,,,
,,,,
,,,,
,,,,
,,,,
,,,,
,,,,
,,,,
,,,,
,,,,
,,,,
,,,,
,,,,
,,,,
,,,,
,,,,
,,,,
,,,,
,,,,
,,,,
,,,,
,,,,
,,,,
,,,,
,,,,
,,,,
,,,,
,,,,
,,,,
,,,,
,,,,
,,,,
,,,,
,,,,
,,,,
,,,,
,,,,
,,,,
,,,,
,,,,
,,,,
,,,,
,,,,
,,,,
,,,,
,,,,
,,,,
,,,,
,,,,
,,,,
,,,,
,,,,
,,,,
,,,,
,,,,
,,,,
,,,,
,,,,
,,,,
,,,,
,,,,
,,,,
,,,,
,,,,
,,,,
,,,,
,,,,
,,,,
,,,,
,,,,
,,,,
,,,,
,,,,
,,,,
,,,,
,,,,
,,,,
,,,,
,,,,
,,,,
,,,,
,,,,
,,,,
,,,,
,,,,
,,,,
,,,,
,,,,
,,,,
,,,,
,,,,
,,,,
,,,,
,,,,
,,,,
,,,,
,,,,
,,,,
,,,,
,,,,
,,,,
,,,,
,,,,
,,,,
,,,,
,,,,
,,,,
,,,,
,,,,
,,,,
,,,,
,,,,
,,,,
,,,,
,,,,
,,,,
,,,,
,,,,
,,,,
,,,,
,,,,
,,,,
,,,,
,,,,
,,,,
,,,,
,,,,
,,,,
,,,,
,,,,
,,,,
,,,,
,,,,
,,,,
,,,,
,,,,
,,,,
,,,,
,,,,
,,,,
,,,,
,,,,
,,,,
,,,,
,,,,
,,,,
,,,,
,,,,
,,,,
,,,,
,,,,
,,,,
,,,,
,,,,
,,,,
,,,,
,,,,
,,,,
,,,,
,,,,
,,,,
,,,,
,,,,
,,,,
,,,,
,,,,
,,,,
,,,,
,,,,
,,,,
,,,,
,,,,
,,,,
,,,,
,,,,
,,,,
,,,,
,,,,
,,,,
,,,,
,,,,
,,,,
,,,,
,,,,
,,,,
,,,,
,,,,
,,,,
,,,,
,,,,
,,,,
,,,,
,,,,
,,,,
,,,,
,,,,
,,,,
,,,,
,,,,
,,,,
,,,,
,,,,
,,,,
,,,,
,,,,
,,,,
,,,,
,,,,
,,,,
,,,,
,,,,
,,,,
,,,,
,,,,
,,,,
,,,,
,,,,
,,,,
,,,,
,,,,
,,,,
,,,,
,,,,
,,,,
,,,,
,,,,
,,,,
,,,,
,,,,
,,,,
,,,,
,,,,
,,,,
,,,,
,,,,
,,,,
,,,,
,,,,
,,,,
,,,,
,,,,
,,,,
,,,,
,,,,
,,,,
,,,,
,,,,
,,,,
,,,,
,,,,
,,,,
,,,,
,,,,
,,,,
,,,,
,,,,
,,,,
,,,,
,,,,
,,,,
,,,,
,,,,
,,,,
,,,,
,,,,
,,,,
,,,,
,,,,
,,,,
,,,,
,,,,
,,,,
,,,,
,,,,
,,,,
,,,,
,,,,
,,,,
,,,,
,,,,
,,,,
,,,,
,,,,
,,,,
,,,,
,,,,
,,,,
,,,,
,,,,
,,,,
,,,,
,,,,
,,,,
,,,,
,,,,
,,,,
,,,,
,,,,
,,,,
,,,,
,,,,
,,,,
,,,,
,,,,
,,,,
,,,,
,,,,
,,,,
,,,,
